-- 汽车票预订系统数据库初始化脚本
-- 创建日期: 2025-12-25
-- 数据库: busbooking

-- 创建数据库
CREATE DATABASE IF NOT EXISTS busbooking DEFAULT CHARACTER SET utf8mb4 COLLATE utf8mb4_unicode_ci;

USE busbooking;

-- 用户表
CREATE TABLE IF NOT EXISTS `users` (
    `id` BIGINT NOT NULL AUTO_INCREMENT COMMENT '用户ID',
    `username` VARCHAR(50) NOT NULL COMMENT '用户名',
    `password` VARCHAR(255) NOT NULL COMMENT '密码',
    `email` VARCHAR(100) COMMENT '邮箱',
    `phone` VARCHAR(20) COMMENT '手机号',
    `real_name` VARCHAR(50) COMMENT '真实姓名',
    `id_card` VARCHAR(18) COMMENT '身份证号',
    `role` VARCHAR(20) NOT NULL DEFAULT 'USER' COMMENT '角色: USER-普通用户, ADMIN-管理员',
    `create_time` DATETIME NOT NULL DEFAULT CURRENT_TIMESTAMP COMMENT '创建时间',
    `update_time` DATETIME NOT NULL DEFAULT CURRENT_TIMESTAMP ON UPDATE CURRENT_TIMESTAMP COMMENT '更新时间',
    `deleted` INT NOT NULL DEFAULT 0 COMMENT '是否删除: 0-否, 1-是',
    PRIMARY KEY (`id`),
    UNIQUE KEY `uk_username` (`username`)
) ENGINE=InnoDB DEFAULT CHARSET=utf8mb4 COMMENT='用户表';

-- 车站表（汽车站）
CREATE TABLE IF NOT EXISTS `stations` (
    `id` BIGINT NOT NULL AUTO_INCREMENT COMMENT '车站ID',
    `name` VARCHAR(50) NOT NULL COMMENT '车站名称',
    `city` VARCHAR(50) NOT NULL COMMENT '所在城市',
    `address` VARCHAR(200) COMMENT '详细地址',
    `phone` VARCHAR(20) COMMENT '联系电话',
    `create_time` DATETIME NOT NULL DEFAULT CURRENT_TIMESTAMP COMMENT '创建时间',
    `update_time` DATETIME NOT NULL DEFAULT CURRENT_TIMESTAMP ON UPDATE CURRENT_TIMESTAMP COMMENT '更新时间',
    PRIMARY KEY (`id`),
    UNIQUE KEY `uk_name` (`name`)
) ENGINE=InnoDB DEFAULT CHARSET=utf8mb4 COMMENT='汽车站表';

-- 班次表（汽车班次）
CREATE TABLE IF NOT EXISTS `trains` (
    `id` BIGINT NOT NULL AUTO_INCREMENT COMMENT '班次ID',
    `train_code` VARCHAR(20) NOT NULL COMMENT '班次编号',
    `train_type` VARCHAR(10) NOT NULL COMMENT '车型: NORMAL-普通班车, EXPRESS-快客, SLEEPER-卧铺',
    `departure_station_id` BIGINT COMMENT '出发站ID',
    `departure_station_name` VARCHAR(50) NOT NULL COMMENT '出发站名称',
    `arrival_station_id` BIGINT COMMENT '到达站ID',
    `arrival_station_name` VARCHAR(50) NOT NULL COMMENT '到达站名称',
    `departure_time` TIME NOT NULL COMMENT '发车时间',
    `arrival_time` TIME NOT NULL COMMENT '到达时间',
    `run_days` INT NOT NULL DEFAULT 0 COMMENT '运行天数: 0-当日到达, 1-次日到达',
    `duration` INT COMMENT '运行时长(分钟)',
    `first_class_price` DECIMAL(10,2) COMMENT '商务座价格',
    `second_class_price` DECIMAL(10,2) COMMENT '普通座价格',
    `hard_sleeper_price` DECIMAL(10,2) COMMENT '下铺价格',
    `soft_sleeper_price` DECIMAL(10,2) COMMENT '上铺价格',
    `total_seats` INT DEFAULT 45 COMMENT '座位总数',
    `operate_date_start` DATE COMMENT '运营开始日期',
    `operate_date_end` DATE COMMENT '运营结束日期',
    `bus_company` VARCHAR(100) COMMENT '客运公司',
    `bus_model` VARCHAR(50) COMMENT '车辆型号',
    `status` INT NOT NULL DEFAULT 1 COMMENT '状态: 0-停运, 1-运营中',
    `create_time` DATETIME NOT NULL DEFAULT CURRENT_TIMESTAMP COMMENT '创建时间',
    `update_time` DATETIME NOT NULL DEFAULT CURRENT_TIMESTAMP ON UPDATE CURRENT_TIMESTAMP COMMENT '更新时间',
    PRIMARY KEY (`id`),
    UNIQUE KEY `uk_train_code` (`train_code`)
) ENGINE=InnoDB DEFAULT CHARSET=utf8mb4 COMMENT='汽车班次表';

-- 座位表
CREATE TABLE IF NOT EXISTS `seats` (
    `id` BIGINT NOT NULL AUTO_INCREMENT COMMENT '座位ID',
    `train_id` BIGINT NOT NULL COMMENT '班次ID',
    `train_code` VARCHAR(20) NOT NULL COMMENT '班次编号',
    `carriage_no` INT NOT NULL DEFAULT 1 COMMENT '车厢号(汽车默认1)',
    `seat_no` VARCHAR(10) NOT NULL COMMENT '座位号',
    `seat_type` VARCHAR(20) NOT NULL COMMENT '座位类型',
    `status` INT NOT NULL DEFAULT 0 COMMENT '状态: 0-空闲, 1-已锁定, 2-已售出',
    `travel_date` DATE NOT NULL COMMENT '乘车日期',
    `price` DECIMAL(10,2) COMMENT '价格',
    `create_time` DATETIME NOT NULL DEFAULT CURRENT_TIMESTAMP COMMENT '创建时间',
    `update_time` DATETIME NOT NULL DEFAULT CURRENT_TIMESTAMP ON UPDATE CURRENT_TIMESTAMP COMMENT '更新时间',
    PRIMARY KEY (`id`),
    KEY `idx_train_date` (`train_id`, `travel_date`),
    KEY `idx_status` (`status`)
) ENGINE=InnoDB DEFAULT CHARSET=utf8mb4 COMMENT='座位表';

-- 订单表
CREATE TABLE IF NOT EXISTS `orders` (
    `id` BIGINT NOT NULL AUTO_INCREMENT COMMENT '订单ID',
    `order_no` VARCHAR(50) NOT NULL COMMENT '订单号',
    `user_id` BIGINT NOT NULL COMMENT '用户ID',
    `train_id` BIGINT NOT NULL COMMENT '班次ID',
    `train_code` VARCHAR(20) NOT NULL COMMENT '班次编号',
    `departure_station` VARCHAR(50) NOT NULL COMMENT '出发站',
    `arrival_station` VARCHAR(50) NOT NULL COMMENT '到达站',
    `departure_time` VARCHAR(20) NOT NULL COMMENT '发车时间',
    `arrival_time` VARCHAR(20) NOT NULL COMMENT '到达时间',
    `travel_date` VARCHAR(20) NOT NULL COMMENT '乘车日期',
    `passenger_name` VARCHAR(50) NOT NULL COMMENT '乘客姓名',
    `passenger_id_card` VARCHAR(18) NOT NULL COMMENT '乘客身份证号',
    `passenger_phone` VARCHAR(20) COMMENT '乘客手机号',
    `seat_type` VARCHAR(20) NOT NULL COMMENT '座位类型',
    `carriage_no` INT DEFAULT 1 COMMENT '车厢号',
    `seat_no` VARCHAR(10) COMMENT '座位号',
    `amount` DECIMAL(10,2) NOT NULL COMMENT '订单金额',
    `status` INT NOT NULL DEFAULT 0 COMMENT '状态: 0-待支付, 1-已支付, 2-已取消, 3-已退票, 4-已完成',
    `pay_deadline` DATETIME COMMENT '支付截止时间',
    `pay_time` DATETIME COMMENT '支付时间',
    `create_time` DATETIME NOT NULL DEFAULT CURRENT_TIMESTAMP COMMENT '创建时间',
    `update_time` DATETIME NOT NULL DEFAULT CURRENT_TIMESTAMP ON UPDATE CURRENT_TIMESTAMP COMMENT '更新时间',
    `remark` VARCHAR(500) COMMENT '备注',
    PRIMARY KEY (`id`),
    UNIQUE KEY `uk_order_no` (`order_no`),
    KEY `idx_user_id` (`user_id`),
    KEY `idx_status` (`status`)
) ENGINE=InnoDB DEFAULT CHARSET=utf8mb4 COMMENT='订单表';

-- 插入管理员用户（密码: admin123）
INSERT INTO `users` (`username`, `password`, `email`, `phone`, `real_name`, `id_card`, `role`) VALUES
('admin', '$2a$10$EqKcp1WFKVQISheBxnGRqOQMjDGMwLpLBx5GKPBHZLF5xvGvKq5Aq', 'admin@busbooking.com', '13800000000', '管理员', '110101199001011234', 'ADMIN'),
('test', '$2a$10$EqKcp1WFKVQISheBxnGRqOQMjDGMwLpLBx5GKPBHZLF5xvGvKq5Aq', 'test@busbooking.com', '13900000000', '测试用户', '110101199001011235', 'USER');

-- 插入汽车站数据
INSERT INTO `stations` (`name`, `city`, `address`, `phone`) VALUES
('北京六里桥客运站', '北京', '北京市丰台区六里桥南里甲1号', '010-83831716'),
('北京赵公口客运站', '北京', '北京市丰台区南三环中路34号', '010-67237328'),
('上海长途客运总站', '上海', '上海市闸北区中兴路1666号', '021-66050000'),
('上海南站长途客运站', '上海', '上海市徐汇区石龙路666号', '021-54353535'),
('广州天河客运站', '广州', '广州市天河区燕岭路633号', '020-37085070'),
('广州省汽车客运站', '广州', '广州市越秀区环市西路145号', '020-86661297'),
('深圳罗湖汽车站', '深圳', '深圳市罗湖区沿河南路联兴大厦', '0755-82321670'),
('深圳福田汽车站', '深圳', '深圳市福田区深南大道竹子林', '0755-83704526'),
('杭州客运中心站', '杭州', '杭州市江干区九堡镇德胜东路3339号', '0571-87650679'),
('南京汽车客运站', '南京', '南京市玄武区红山路1号', '025-85531288'),
('武汉傅家坡客运站', '武汉', '武汉市武昌区武珞路358号', '027-87222143'),
('成都新南门汽车站', '成都', '成都市武侯区新南路2号', '028-85433609'),
('重庆龙头寺汽车站', '重庆', '重庆市渝北区红土地立交', '023-89033855'),
('西安城南客运站', '西安', '西安市雁塔区朱雀大街南段', '029-88667788'),
('苏州汽车北站', '苏州', '苏州市相城区西汇路29号', '0512-65335703');

-- 插入汽车班次数据
INSERT INTO `trains` (`train_code`, `train_type`, `departure_station_name`, `arrival_station_name`, `departure_time`, `arrival_time`, `run_days`, `duration`, `first_class_price`, `second_class_price`, `hard_sleeper_price`, `soft_sleeper_price`, `total_seats`, `operate_date_start`, `operate_date_end`, `bus_company`, `bus_model`, `status`) VALUES
('BJ001', 'EXPRESS', '北京六里桥客运站', '上海长途客运总站', '08:00:00', '20:00:00', 0, 720, 380.00, 280.00, 0.00, 0.00, 45, '2025-01-01', '2025-12-31', '北京长途客运公司', '宇通ZK6127', 1),
('BJ002', 'EXPRESS', '北京六里桥客运站', '上海长途客运总站', '10:30:00', '22:30:00', 0, 720, 380.00, 280.00, 0.00, 0.00, 45, '2025-01-01', '2025-12-31', '北京长途客运公司', '金龙XMQ6129', 1),
('BJ003', 'SLEEPER', '北京赵公口客运站', '上海南站长途客运站', '19:00:00', '07:00:00', 1, 720, 0.00, 0.00, 320.00, 280.00, 36, '2025-01-01', '2025-12-31', '北京长途客运公司', '宇通卧铺车', 1),
('GZ001', 'EXPRESS', '广州天河客运站', '深圳罗湖汽车站', '07:00:00', '09:30:00', 0, 150, 120.00, 80.00, 0.00, 0.00, 45, '2025-01-01', '2025-12-31', '广东省汽运集团', '宇通ZK6127', 1),
('GZ002', 'EXPRESS', '广州天河客运站', '深圳罗湖汽车站', '08:30:00', '11:00:00', 0, 150, 120.00, 80.00, 0.00, 0.00, 45, '2025-01-01', '2025-12-31', '广东省汽运集团', '金龙XMQ6129', 1),
('GZ003', 'NORMAL', '广州省汽车客运站', '深圳福田汽车站', '09:00:00', '12:00:00', 0, 180, 0.00, 65.00, 0.00, 0.00, 50, '2025-01-01', '2025-12-31', '广州市汽运公司', '普通大巴', 1),
('GZ004', 'EXPRESS', '广州天河客运站', '深圳罗湖汽车站', '10:00:00', '12:30:00', 0, 150, 120.00, 80.00, 0.00, 0.00, 45, '2025-01-01', '2025-12-31', '广东省汽运集团', '宇通ZK6127', 1),
('GZ005', 'EXPRESS', '广州天河客运站', '深圳罗湖汽车站', '14:00:00', '16:30:00', 0, 150, 120.00, 80.00, 0.00, 0.00, 45, '2025-01-01', '2025-12-31', '广东省汽运集团', '金龙XMQ6129', 1),
('SZ001', 'EXPRESS', '深圳罗湖汽车站', '广州天河客运站', '07:30:00', '10:00:00', 0, 150, 120.00, 80.00, 0.00, 0.00, 45, '2025-01-01', '2025-12-31', '深圳运发集团', '宇通ZK6127', 1),
('SZ002', 'EXPRESS', '深圳罗湖汽车站', '广州天河客运站', '09:00:00', '11:30:00', 0, 150, 120.00, 80.00, 0.00, 0.00, 45, '2025-01-01', '2025-12-31', '深圳运发集团', '金龙XMQ6129', 1),
('HZ001', 'EXPRESS', '杭州客运中心站', '南京汽车客运站', '07:30:00', '11:00:00', 0, 210, 150.00, 98.00, 0.00, 0.00, 45, '2025-01-01', '2025-12-31', '浙江快客', '宇通ZK6127', 1),
('HZ002', 'EXPRESS', '杭州客运中心站', '南京汽车客运站', '09:00:00', '12:30:00', 0, 210, 150.00, 98.00, 0.00, 0.00, 45, '2025-01-01', '2025-12-31', '浙江快客', '金龙XMQ6129', 1),
('HZ003', 'NORMAL', '杭州客运中心站', '苏州汽车北站', '08:00:00', '10:30:00', 0, 150, 0.00, 68.00, 0.00, 0.00, 50, '2025-01-01', '2025-12-31', '杭州汽运公司', '普通大巴', 1),
('NJ001', 'EXPRESS', '南京汽车客运站', '杭州客运中心站', '08:00:00', '11:30:00', 0, 210, 150.00, 98.00, 0.00, 0.00, 45, '2025-01-01', '2025-12-31', '江苏快客', '宇通ZK6127', 1),
('NJ002', 'EXPRESS', '南京汽车客运站', '上海长途客运总站', '07:00:00', '11:00:00', 0, 240, 180.00, 120.00, 0.00, 0.00, 45, '2025-01-01', '2025-12-31', '江苏快客', '金龙XMQ6129', 1),
('WH001', 'EXPRESS', '武汉傅家坡客运站', '成都新南门汽车站', '08:00:00', '20:00:00', 0, 720, 350.00, 260.00, 0.00, 0.00, 45, '2025-01-01', '2025-12-31', '湖北省汽运', '宇通ZK6127', 1),
('WH002', 'SLEEPER', '武汉傅家坡客运站', '成都新南门汽车站', '18:00:00', '06:00:00', 1, 720, 0.00, 0.00, 300.00, 260.00, 36, '2025-01-01', '2025-12-31', '湖北省汽运', '卧铺大巴', 1),
('CD001', 'EXPRESS', '成都新南门汽车站', '重庆龙头寺汽车站', '07:30:00', '11:00:00', 0, 210, 160.00, 110.00, 0.00, 0.00, 45, '2025-01-01', '2025-12-31', '四川汽运集团', '宇通ZK6127', 1),
('CD002', 'EXPRESS', '成都新南门汽车站', '重庆龙头寺汽车站', '09:00:00', '12:30:00', 0, 210, 160.00, 110.00, 0.00, 0.00, 45, '2025-01-01', '2025-12-31', '四川汽运集团', '金龙XMQ6129', 1),
('CQ001', 'EXPRESS', '重庆龙头寺汽车站', '成都新南门汽车站', '08:00:00', '11:30:00', 0, 210, 160.00, 110.00, 0.00, 0.00, 45, '2025-01-01', '2025-12-31', '重庆汽运集团', '宇通ZK6127', 1),
('XA001', 'EXPRESS', '西安城南客运站', '成都新南门汽车站', '08:00:00', '18:00:00', 0, 600, 320.00, 240.00, 0.00, 0.00, 45, '2025-01-01', '2025-12-31', '陕西省汽运', '宇通ZK6127', 1),
('XA002', 'SLEEPER', '西安城南客运站', '成都新南门汽车站', '19:00:00', '05:00:00', 1, 600, 0.00, 0.00, 280.00, 240.00, 36, '2025-01-01', '2025-12-31', '陕西省汽运', '卧铺大巴', 1),
('SH001', 'EXPRESS', '上海长途客运总站', '杭州客运中心站', '07:00:00', '09:30:00', 0, 150, 120.00, 78.00, 0.00, 0.00, 45, '2025-01-01', '2025-12-31', '上海长途客运', '宇通ZK6127', 1),
('SH002', 'EXPRESS', '上海长途客运总站', '杭州客运中心站', '08:30:00', '11:00:00', 0, 150, 120.00, 78.00, 0.00, 0.00, 45, '2025-01-01', '2025-12-31', '上海长途客运', '金龙XMQ6129', 1),
('SH003', 'EXPRESS', '上海长途客运总站', '南京汽车客运站', '07:30:00', '11:30:00', 0, 240, 180.00, 120.00, 0.00, 0.00, 45, '2025-01-01', '2025-12-31', '上海长途客运', '宇通ZK6127', 1),
('SH004', 'EXPRESS', '上海长途客运总站', '苏州汽车北站', '08:00:00', '09:30:00', 0, 90, 80.00, 55.00, 0.00, 0.00, 45, '2025-01-01', '2025-12-31', '上海长途客运', '金龙XMQ6129', 1),
-- 更多广州-深圳班次
('GZ006', 'EXPRESS', '广州天河客运站', '深圳罗湖汽车站', '11:30:00', '14:00:00', 0, 150, 120.00, 80.00, 0.00, 0.00, 45, '2025-01-01', '2025-12-31', '广东省汽运集团', '宇通ZK6127', 1),
('GZ007', 'EXPRESS', '广州天河客运站', '深圳罗湖汽车站', '13:00:00', '15:30:00', 0, 150, 120.00, 80.00, 0.00, 0.00, 45, '2025-01-01', '2025-12-31', '广东省汽运集团', '金龙XMQ6129', 1),
('GZ008', 'EXPRESS', '广州天河客运站', '深圳罗湖汽车站', '15:30:00', '18:00:00', 0, 150, 120.00, 80.00, 0.00, 0.00, 45, '2025-01-01', '2025-12-31', '广东省汽运集团', '宇通ZK6127', 1),
('GZ009', 'EXPRESS', '广州天河客运站', '深圳罗湖汽车站', '17:00:00', '19:30:00', 0, 150, 120.00, 80.00, 0.00, 0.00, 45, '2025-01-01', '2025-12-31', '广东省汽运集团', '金龙XMQ6129', 1),
('GZ010', 'NORMAL', '广州省汽车客运站', '深圳福田汽车站', '10:30:00', '13:30:00', 0, 180, 0.00, 65.00, 0.00, 0.00, 50, '2025-01-01', '2025-12-31', '广州市汽运公司', '普通大巴', 1),
('GZ011', 'NORMAL', '广州省汽车客运站', '深圳福田汽车站', '14:00:00', '17:00:00', 0, 180, 0.00, 65.00, 0.00, 0.00, 50, '2025-01-01', '2025-12-31', '广州市汽运公司', '普通大巴', 1),
('GZ012', 'NORMAL', '广州省汽车客运站', '深圳福田汽车站', '16:30:00', '19:30:00', 0, 180, 0.00, 65.00, 0.00, 0.00, 50, '2025-01-01', '2025-12-31', '广州市汽运公司', '普通大巴', 1),
-- 更多深圳-广州班次
('SZ003', 'EXPRESS', '深圳罗湖汽车站', '广州天河客运站', '10:30:00', '13:00:00', 0, 150, 120.00, 80.00, 0.00, 0.00, 45, '2025-01-01', '2025-12-31', '深圳运发集团', '宇通ZK6127', 1),
('SZ004', 'EXPRESS', '深圳罗湖汽车站', '广州天河客运站', '12:00:00', '14:30:00', 0, 150, 120.00, 80.00, 0.00, 0.00, 45, '2025-01-01', '2025-12-31', '深圳运发集团', '金龙XMQ6129', 1),
('SZ005', 'EXPRESS', '深圳罗湖汽车站', '广州天河客运站', '14:00:00', '16:30:00', 0, 150, 120.00, 80.00, 0.00, 0.00, 45, '2025-01-01', '2025-12-31', '深圳运发集团', '宇通ZK6127', 1),
('SZ006', 'EXPRESS', '深圳罗湖汽车站', '广州天河客运站', '16:00:00', '18:30:00', 0, 150, 120.00, 80.00, 0.00, 0.00, 45, '2025-01-01', '2025-12-31', '深圳运发集团', '金龙XMQ6129', 1),
('SZ007', 'EXPRESS', '深圳福田汽车站', '广州省汽车客运站', '08:00:00', '11:00:00', 0, 180, 0.00, 70.00, 0.00, 0.00, 50, '2025-01-01', '2025-12-31', '深圳运发集团', '普通大巴', 1),
-- 更多杭州-南京班次
('HZ004', 'EXPRESS', '杭州客运中心站', '南京汽车客运站', '10:30:00', '14:00:00', 0, 210, 150.00, 98.00, 0.00, 0.00, 45, '2025-01-01', '2025-12-31', '浙江快客', '宇通ZK6127', 1),
('HZ005', 'EXPRESS', '杭州客运中心站', '南京汽车客运站', '13:00:00', '16:30:00', 0, 210, 150.00, 98.00, 0.00, 0.00, 45, '2025-01-01', '2025-12-31', '浙江快客', '金龙XMQ6129', 1),
('HZ006', 'EXPRESS', '杭州客运中心站', '南京汽车客运站', '15:00:00', '18:30:00', 0, 210, 150.00, 98.00, 0.00, 0.00, 45, '2025-01-01', '2025-12-31', '浙江快客', '宇通ZK6127', 1),
('HZ007', 'EXPRESS', '杭州客运中心站', '南京汽车客运站', '17:00:00', '20:30:00', 0, 210, 150.00, 98.00, 0.00, 0.00, 45, '2025-01-01', '2025-12-31', '浙江快客', '金龙XMQ6129', 1),
-- 更多南京-杭州班次
('NJ003', 'EXPRESS', '南京汽车客运站', '杭州客运中心站', '09:30:00', '13:00:00', 0, 210, 150.00, 98.00, 0.00, 0.00, 45, '2025-01-01', '2025-12-31', '江苏快客', '宇通ZK6127', 1),
('NJ004', 'EXPRESS', '南京汽车客运站', '杭州客运中心站', '11:00:00', '14:30:00', 0, 210, 150.00, 98.00, 0.00, 0.00, 45, '2025-01-01', '2025-12-31', '江苏快客', '金龙XMQ6129', 1),
('NJ005', 'EXPRESS', '南京汽车客运站', '杭州客运中心站', '14:00:00', '17:30:00', 0, 210, 150.00, 98.00, 0.00, 0.00, 45, '2025-01-01', '2025-12-31', '江苏快客', '宇通ZK6127', 1),
('NJ006', 'EXPRESS', '南京汽车客运站', '上海长途客运总站', '09:00:00', '13:00:00', 0, 240, 180.00, 120.00, 0.00, 0.00, 45, '2025-01-01', '2025-12-31', '江苏快客', '金龙XMQ6129', 1),
('NJ007', 'EXPRESS', '南京汽车客运站', '上海长途客运总站', '11:00:00', '15:00:00', 0, 240, 180.00, 120.00, 0.00, 0.00, 45, '2025-01-01', '2025-12-31', '江苏快客', '宇通ZK6127', 1),
-- 更多成都-重庆班次
('CD003', 'EXPRESS', '成都新南门汽车站', '重庆龙头寺汽车站', '10:30:00', '14:00:00', 0, 210, 160.00, 110.00, 0.00, 0.00, 45, '2025-01-01', '2025-12-31', '四川汽运集团', '宇通ZK6127', 1),
('CD004', 'EXPRESS', '成都新南门汽车站', '重庆龙头寺汽车站', '12:00:00', '15:30:00', 0, 210, 160.00, 110.00, 0.00, 0.00, 45, '2025-01-01', '2025-12-31', '四川汽运集团', '金龙XMQ6129', 1),
('CD005', 'EXPRESS', '成都新南门汽车站', '重庆龙头寺汽车站', '14:00:00', '17:30:00', 0, 210, 160.00, 110.00, 0.00, 0.00, 45, '2025-01-01', '2025-12-31', '四川汽运集团', '宇通ZK6127', 1),
('CD006', 'EXPRESS', '成都新南门汽车站', '重庆龙头寺汽车站', '16:00:00', '19:30:00', 0, 210, 160.00, 110.00, 0.00, 0.00, 45, '2025-01-01', '2025-12-31', '四川汽运集团', '金龙XMQ6129', 1),
('CD007', 'EXPRESS', '成都新南门汽车站', '重庆龙头寺汽车站', '18:00:00', '21:30:00', 0, 210, 160.00, 110.00, 0.00, 0.00, 45, '2025-01-01', '2025-12-31', '四川汽运集团', '宇通ZK6127', 1),
-- 更多重庆-成都班次
('CQ002', 'EXPRESS', '重庆龙头寺汽车站', '成都新南门汽车站', '09:30:00', '13:00:00', 0, 210, 160.00, 110.00, 0.00, 0.00, 45, '2025-01-01', '2025-12-31', '重庆汽运集团', '金龙XMQ6129', 1),
('CQ003', 'EXPRESS', '重庆龙头寺汽车站', '成都新南门汽车站', '11:00:00', '14:30:00', 0, 210, 160.00, 110.00, 0.00, 0.00, 45, '2025-01-01', '2025-12-31', '重庆汽运集团', '宇通ZK6127', 1),
('CQ004', 'EXPRESS', '重庆龙头寺汽车站', '成都新南门汽车站', '13:00:00', '16:30:00', 0, 210, 160.00, 110.00, 0.00, 0.00, 45, '2025-01-01', '2025-12-31', '重庆汽运集团', '金龙XMQ6129', 1),
('CQ005', 'EXPRESS', '重庆龙头寺汽车站', '成都新南门汽车站', '15:00:00', '18:30:00', 0, 210, 160.00, 110.00, 0.00, 0.00, 45, '2025-01-01', '2025-12-31', '重庆汽运集团', '宇通ZK6127', 1),
-- 更多上海-杭州班次
('SH005', 'EXPRESS', '上海长途客运总站', '杭州客运中心站', '10:00:00', '12:30:00', 0, 150, 120.00, 78.00, 0.00, 0.00, 45, '2025-01-01', '2025-12-31', '上海长途客运', '宇通ZK6127', 1),
('SH006', 'EXPRESS', '上海长途客运总站', '杭州客运中心站', '11:30:00', '14:00:00', 0, 150, 120.00, 78.00, 0.00, 0.00, 45, '2025-01-01', '2025-12-31', '上海长途客运', '金龙XMQ6129', 1),
('SH007', 'EXPRESS', '上海长途客运总站', '杭州客运中心站', '13:00:00', '15:30:00', 0, 150, 120.00, 78.00, 0.00, 0.00, 45, '2025-01-01', '2025-12-31', '上海长途客运', '宇通ZK6127', 1),
('SH008', 'EXPRESS', '上海长途客运总站', '杭州客运中心站', '14:30:00', '17:00:00', 0, 150, 120.00, 78.00, 0.00, 0.00, 45, '2025-01-01', '2025-12-31', '上海长途客运', '金龙XMQ6129', 1),
('SH009', 'EXPRESS', '上海长途客运总站', '杭州客运中心站', '16:00:00', '18:30:00', 0, 150, 120.00, 78.00, 0.00, 0.00, 45, '2025-01-01', '2025-12-31', '上海长途客运', '宇通ZK6127', 1),
('SH010', 'EXPRESS', '上海长途客运总站', '杭州客运中心站', '17:30:00', '20:00:00', 0, 150, 120.00, 78.00, 0.00, 0.00, 45, '2025-01-01', '2025-12-31', '上海长途客运', '金龙XMQ6129', 1),
-- 更多上海-南京班次
('SH011', 'EXPRESS', '上海长途客运总站', '南京汽车客运站', '09:00:00', '13:00:00', 0, 240, 180.00, 120.00, 0.00, 0.00, 45, '2025-01-01', '2025-12-31', '上海长途客运', '宇通ZK6127', 1),
('SH012', 'EXPRESS', '上海长途客运总站', '南京汽车客运站', '10:30:00', '14:30:00', 0, 240, 180.00, 120.00, 0.00, 0.00, 45, '2025-01-01', '2025-12-31', '上海长途客运', '金龙XMQ6129', 1),
('SH013', 'EXPRESS', '上海长途客运总站', '南京汽车客运站', '13:00:00', '17:00:00', 0, 240, 180.00, 120.00, 0.00, 0.00, 45, '2025-01-01', '2025-12-31', '上海长途客运', '宇通ZK6127', 1),
-- 更多武汉-成都班次
('WH003', 'EXPRESS', '武汉傅家坡客运站', '成都新南门汽车站', '10:00:00', '22:00:00', 0, 720, 350.00, 260.00, 0.00, 0.00, 45, '2025-01-01', '2025-12-31', '湖北省汽运', '宇通ZK6127', 1),
('WH004', 'EXPRESS', '武汉傅家坡客运站', '成都新南门汽车站', '12:00:00', '00:00:00', 1, 720, 350.00, 260.00, 0.00, 0.00, 45, '2025-01-01', '2025-12-31', '湖北省汽运', '金龙XMQ6129', 1),
('WH005', 'SLEEPER', '武汉傅家坡客运站', '成都新南门汽车站', '20:00:00', '08:00:00', 1, 720, 0.00, 0.00, 300.00, 260.00, 36, '2025-01-01', '2025-12-31', '湖北省汽运', '卧铺大巴', 1),
-- 更多北京-上海班次
('BJ004', 'EXPRESS', '北京六里桥客运站', '上海长途客运总站', '12:00:00', '00:00:00', 1, 720, 380.00, 280.00, 0.00, 0.00, 45, '2025-01-01', '2025-12-31', '北京长途客运公司', '宇通ZK6127', 1),
('BJ005', 'SLEEPER', '北京赵公口客运站', '上海南站长途客运站', '20:00:00', '08:00:00', 1, 720, 0.00, 0.00, 320.00, 280.00, 36, '2025-01-01', '2025-12-31', '北京长途客运公司', '宇通卧铺车', 1),
-- 杭州-苏州班次
('HZ008', 'NORMAL', '杭州客运中心站', '苏州汽车北站', '09:30:00', '12:00:00', 0, 150, 0.00, 68.00, 0.00, 0.00, 50, '2025-01-01', '2025-12-31', '杭州汽运公司', '普通大巴', 1),
('HZ009', 'NORMAL', '杭州客运中心站', '苏州汽车北站', '11:00:00', '13:30:00', 0, 150, 0.00, 68.00, 0.00, 0.00, 50, '2025-01-01', '2025-12-31', '杭州汽运公司', '普通大巴', 1),
('HZ010', 'NORMAL', '杭州客运中心站', '苏州汽车北站', '14:00:00', '16:30:00', 0, 150, 0.00, 68.00, 0.00, 0.00, 50, '2025-01-01', '2025-12-31', '杭州汽运公司', '普通大巴', 1),
-- 苏州-上海班次
('SZ008', 'EXPRESS', '苏州汽车北站', '上海长途客运总站', '07:30:00', '09:00:00', 0, 90, 80.00, 55.00, 0.00, 0.00, 45, '2025-01-01', '2025-12-31', '苏州汽运公司', '宇通ZK6127', 1),
('SZ009', 'EXPRESS', '苏州汽车北站', '上海长途客运总站', '09:00:00', '10:30:00', 0, 90, 80.00, 55.00, 0.00, 0.00, 45, '2025-01-01', '2025-12-31', '苏州汽运公司', '金龙XMQ6129', 1),
('SZ010', 'EXPRESS', '苏州汽车北站', '上海长途客运总站', '10:30:00', '12:00:00', 0, 90, 80.00, 55.00, 0.00, 0.00, 45, '2025-01-01', '2025-12-31', '苏州汽运公司', '宇通ZK6127', 1),
('SZ011', 'EXPRESS', '苏州汽车北站', '上海长途客运总站', '14:00:00', '15:30:00', 0, 90, 80.00, 55.00, 0.00, 0.00, 45, '2025-01-01', '2025-12-31', '苏州汽运公司', '金龙XMQ6129', 1),
-- 西安-成都更多班次
('XA003', 'EXPRESS', '西安城南客运站', '成都新南门汽车站', '10:00:00', '20:00:00', 0, 600, 320.00, 240.00, 0.00, 0.00, 45, '2025-01-01', '2025-12-31', '陕西省汽运', '金龙XMQ6129', 1),
('XA004', 'EXPRESS', '西安城南客运站', '成都新南门汽车站', '12:00:00', '22:00:00', 0, 600, 320.00, 240.00, 0.00, 0.00, 45, '2025-01-01', '2025-12-31', '陕西省汽运', '宇通ZK6127', 1),
('XA005', 'SLEEPER', '西安城南客运站', '成都新南门汽车站', '21:00:00', '07:00:00', 1, 600, 0.00, 0.00, 280.00, 240.00, 36, '2025-01-01', '2025-12-31', '陕西省汽运', '卧铺大巴', 1);
